,long,short,ticker,timestamp
0,Bitcoin,BTC,BTC/USD,2018-05-02 12:20:06.608871
1,Ethereum,ETH,ETH/USD,2018-05-02 12:20:06.608871
2,Ripple,XRP,XRP/USD,2018-05-02 12:20:06.608871
3,Bitcoin Cash,BCH,BCH/USD,2018-05-02 12:20:06.608871
4,EOS,EOS,EOS/USD,2018-05-02 12:20:06.608871
5,Cardano,ADA,ADA/USD,2018-05-02 12:20:06.608871
6,Litecoin,LTC,LTC/USD,2018-05-02 12:20:06.608871
7,Stellar,XLM,XLM/USD,2018-05-02 12:20:06.608871
8,IOTA,IOT,IOT/USD,2018-05-02 12:20:06.608871
9,TRON,TRX,TRX/USD,2018-05-02 12:20:06.608871
10,NEO,NEO,NEO/USD,2018-05-02 12:20:06.608871
11,Monero,XMR,XMR/USD,2018-05-02 12:20:06.608871
12,Dash,DASH,DASH/USD,2018-05-02 12:20:06.608871
13,NEM,XEM,XEM/USD,2018-05-02 12:20:06.608871
14,VeChain,VEN,VEN/USD,2018-05-02 12:20:06.608871
15,Tether,USDT,USDT/USD,2018-05-02 12:20:06.608871
16,Ethereum Classic,ETC,ETC/USD,2018-05-02 12:20:06.608871
17,Qtum,QTUM,QTUM/USD,2018-05-02 12:20:06.608871
18,OmiseGO,OMG,OMG/USD,2018-05-02 12:20:06.608871
19,ICON,ICX,ICX/USD,2018-05-02 12:20:06.608871
20,Binance Coin,BNB,BNB/USD,2018-05-02 12:20:06.608871
21,Lisk,LSK,LSK/USD,2018-05-02 12:20:06.608871
22,Bitcoin Gold,BTG,BTG/USD,2018-05-02 12:20:06.608871
23,Verge,XVG,XVG/USD,2018-05-02 12:20:06.608871
24,Zcash,ZEC,ZEC/USD,2018-05-02 12:20:06.608871
25,Nano,NANO,NANO/USD,2018-05-02 12:20:06.608871
26,Aeternity,AE,AE/USD,2018-05-02 12:20:06.608871
27,Steem,STEEM,STEEM/USD,2018-05-02 12:20:06.608871
28,Bytecoin,BCN,BCN/USD,2018-05-02 12:20:06.608871
29,BitShares,BTS,BTS/USD,2018-05-02 12:20:06.608871
30,Bytom,BTM,BTM/USD,2018-05-02 12:20:06.608871
31,Ontology,ONT,ONT/USD,2018-05-02 12:20:06.608871
32,Siacoin,SC,SC/USD,2018-05-02 12:20:06.608871
33,Wanchain,WAN,WAN/USD,2018-05-02 12:20:06.608871
34,Populous,PPT,PPT/USD,2018-05-02 12:20:06.608871
35,Zilliqa,ZIL,ZIL/USD,2018-05-02 12:20:06.608871
36,Bitcoin Diamond,BCD,BCD/USD,2018-05-02 12:20:06.608871
37,Bitcoin Private,BTCP,BTCP/USD,2018-05-02 12:20:06.608871
38,Stratis,STRAT,STRAT/USD,2018-05-02 12:20:06.608871
39,Waves,WAVES,WAVES/USD,2018-05-02 12:20:06.608871
40,CRYPTO20,C20,C20/USD,2018-05-02 12:20:06.608871
41,0x,ZRX,ZRX/USD,2018-05-02 12:20:06.608871
42,RChain,RHOC,RHOC/USD,2018-05-02 12:20:06.608871
43,Maker,MKR,MKR/USD,2018-05-02 12:20:06.608871
44,Dogecoin,DOGE,DOGE/USD,2018-05-02 12:20:06.608871
45,Decred,DCR,DCR/USD,2018-05-02 12:20:06.608871
46,Golem,GNT,GNT/USD,2018-05-02 12:20:06.608871
47,Status,SNT,SNT/USD,2018-05-02 12:20:06.608871
48,Hshare,HSR,HSR/USD,2018-05-02 12:20:06.608871
49,DigixDAO,DGD,DGD/USD,2018-05-02 12:20:06.608871
50,Mixin,XIN,XIN/USD,2018-05-02 12:20:06.608871
51,Loopring,LRC,LRC/USD,2018-05-02 12:20:06.608871
52,IOStoken,IOST,IOST/USD,2018-05-02 12:20:06.608871
53,Aion,AION,AION/USD,2018-05-02 12:20:06.608871
54,Basic Attenti...,BAT,BAT/USD,2018-05-02 12:20:06.608871
55,aelf,ELF,ELF/USD,2018-05-02 12:20:06.608871
56,DigiByte,DGB,DGB/USD,2018-05-02 12:20:06.608871
57,Waltonchain,WTC,WTC/USD,2018-05-02 12:20:06.608871
58,Augur,REP,REP/USD,2018-05-02 12:20:06.608871
59,Ardor,ARDR,ARDR/USD,2018-05-02 12:20:06.608871
60,Komodo,KMD,KMD/USD,2018-05-02 12:20:06.608871
61,Mithril,MITH,MITH/USD,2018-05-02 12:20:06.608871
62,Nebulas,NAS,NAS/USD,2018-05-02 12:20:06.608871
63,Ark,ARK,ARK/USD,2018-05-02 12:20:06.608871
64,Substratum,SUB,SUB/USD,2018-05-02 12:20:06.608871
65,Kyber Network,KNC,KNC/USD,2018-05-02 12:20:06.608871
66,PIVX,PIVX,PIVX/USD,2018-05-02 12:20:06.608871
67,MonaCoin,MONA,MONA/USD,2018-05-02 12:20:06.608871
68,QASH,QASH,QASH/USD,2018-05-02 12:20:06.608871
69,Gas,GAS,GAS/USD,2018-05-02 12:20:06.608871
70,KuCoin Shares,KCS,KCS/USD,2018-05-02 12:20:06.608871
71,ReddCoin,RDD,RDD/USD,2018-05-02 12:20:06.608871
72,WaykiChain,WICC,WICC/USD,2018-05-02 12:20:06.608871
73,Syscoin,SYS,SYS/USD,2018-05-02 12:20:06.608871
74,Cortex,CTXC,CTXC/USD,2018-05-02 12:20:06.608871
75,Centrality,CENNZ,CENNZ/USD,2018-05-02 12:20:06.608871
76,Cryptonex,CNX,CNX/USD,2018-05-02 12:20:06.608871
77,Storm,STORM,STORM/USD,2018-05-02 12:20:06.608871
78,808Coin,808,808/USD,2018-05-02 12:20:06.608871
79,GXChain,GXS,GXS/USD,2018-05-02 12:20:06.608871
80,Dragonchain,DRGN,DRGN/USD,2018-05-02 12:20:06.608871
81,Pundi X,NPXS,NPXS/USD,2018-05-02 12:20:06.608871
82,Nxt,NXT,NXT/USD,2018-05-02 12:20:06.608871
83,Factom,FCT,FCT/USD,2018-05-02 12:20:06.608871
84,Loom Network,LOOM,LOOM/USD,2018-05-02 12:20:06.608871
85,Elastos,ELA,ELA/USD,2018-05-02 12:20:06.608871
86,SALT,SALT,SALT/USD,2018-05-02 12:20:06.608871
87,Bancor,BNT,BNT/USD,2018-05-02 12:20:06.608871
88,Fusion,FSN,FSN/USD,2018-05-02 12:20:06.608871
89,Dentacoin,DCN,DCN/USD,2018-05-02 12:20:06.608871
90,FunFair,FUN,FUN/USD,2018-05-02 12:20:06.608871
91,WAX,WAX,WAX/USD,2018-05-02 12:20:06.608871
92,Gifto,GTO,GTO/USD,2018-05-02 12:20:06.608871
93,Veritaseum,VERI,VERI/USD,2018-05-02 12:20:06.608871
94,Enigma,ENG,ENG/USD,2018-05-02 12:20:06.608871
95,Power Ledger,POWR,POWR/USD,2018-05-02 12:20:06.608871
96,Neblio,NEBL,NEBL/USD,2018-05-02 12:20:06.608871
97,ZCoin,XZC,XZC/USD,2018-05-02 12:20:06.608871
98,Nucleus Vision,NCASH,NCASH/USD,2018-05-02 12:20:06.608871
99,ChainLink,LINK,LINK/USD,2018-05-02 12:20:06.608871
100,Request Network,REQ,REQ/USD,2018-05-02 12:20:06.608871
101,Decentraland,MANA,MANA/USD,2018-05-02 12:20:06.608871
102,Monaco,MCO,MCO/USD,2018-05-02 12:20:06.608871
103,Kin,KIN,KIN/USD,2018-05-02 12:20:06.608871
104,Electroneum,ETN,ETN/USD,2018-05-02 12:20:06.608871
105,Achain,ACT,ACT/USD,2018-05-02 12:20:06.608871
106,Revain,R,R/USD,2018-05-02 12:20:06.608871
107,TenX,PAY,PAY/USD,2018-05-02 12:20:06.608871
108,Ethos [BQX],ETHOS,ETHOS/USD,2018-05-02 12:20:06.608871
109,Bottos,BTO,BTO/USD,2018-05-02 12:20:06.608871
110,MaidSafeCoin,MAID,MAID/USD,2018-05-02 12:20:06.608871
111,Byteball Bytes,GBYTE,GBYTE/USD,2018-05-02 12:20:06.608871
112,Cindicator,CND,CND/USD,2018-05-02 12:20:06.608871
113,Time New Bank,TNB,TNB/USD,2018-05-02 12:20:06.608871
114,DeepBrain Chain,DBC,DBC/USD,2018-05-02 12:20:06.608871
115,Storj,STORJ,STORJ/USD,2018-05-02 12:20:06.608871
116,Nuls,NULS,NULS/USD,2018-05-02 12:20:06.608871
117,Iconomi,ICN,ICN/USD,2018-05-02 12:20:06.608871
118,Polymath,POLY,POLY/USD,2018-05-02 12:20:06.608871
119,Civic,CVC,CVC/USD,2018-05-02 12:20:06.608871
120,Skycoin,SKY,SKY/USD,2018-05-02 12:20:06.608871
121,ZenCash,ZEN,ZEN/USD,2018-05-02 12:20:06.608871
122,Emercoin,EMC,EMC/USD,2018-05-02 12:20:06.608871
123,Particl,PART,PART/USD,2018-05-02 12:20:06.608871
124,POA Network,POA,POA/USD,2018-05-02 12:20:06.608871
125,Matrix AI Net...,MAN,MAN/USD,2018-05-02 12:20:06.608871
126,SIRIN LABS Token,SRN,SRN/USD,2018-05-02 12:20:06.608871
127,Ruff,RUFF,RUFF/USD,2018-05-02 12:20:06.608871
128,BOScoin,BOS,BOS/USD,2018-05-02 12:20:06.608871
129,Huobi Token,HT,HT/USD,2018-05-02 12:20:06.608871
130,Po.et,POE,POE/USD,2018-05-02 12:20:06.608871
131,SmartMesh,SMT,SMT/USD,2018-05-02 12:20:06.608871
132,Nexus,NXS,NXS/USD,2018-05-02 12:20:06.608871
133,iExec RLC,RLC,RLC/USD,2018-05-02 12:20:06.608871
134,SmartCash,SMART,SMART/USD,2018-05-02 12:20:06.608871
135,Metal,MTL,MTL/USD,2018-05-02 12:20:06.608871
136,Quantstamp,QSP,QSP/USD,2018-05-02 12:20:06.608871
137,Genaro Network,GNX,GNX/USD,2018-05-02 12:20:06.608871
138,BitcoinDark,BTCD,BTCD/USD,2018-05-02 12:20:06.608871
139,Paypex,PAYX,PAYX/USD,2018-05-02 12:20:06.608871
140,Gnosis,GNO,GNO/USD,2018-05-02 12:20:06.608871
141,TokenPay,TPAY,TPAY/USD,2018-05-02 12:20:06.608871
142,Apex,CPX,CPX/USD,2018-05-02 12:20:06.608871
143,Arcblock,ABT,ABT/USD,2018-05-02 12:20:06.608871
144,Dropil,DROP,DROP/USD,2018-05-02 12:20:06.608871
145,Enjin Coin,ENJ,ENJ/USD,2018-05-02 12:20:06.608871
146,Aragon,ANT,ANT/USD,2018-05-02 12:20:06.608871
147,Vertcoin,VTC,VTC/USD,2018-05-02 12:20:06.608871
148,Ignis,IGNIS,IGNIS/USD,2018-05-02 12:20:06.608871
149,GameCredits,GAME,GAME/USD,2018-05-02 12:20:06.608871
150,Bitcore,BTX2,BTX2/USD,2018-05-02 12:20:06.608871
151,Red Pulse,RPX,RPX/USD,2018-05-02 12:20:06.608871
152,Dent,DENT,DENT/USD,2018-05-02 12:20:06.608871
153,Litecoin Cash,LCC,LCC/USD,2018-05-02 12:20:06.608871
154,Scry.info,DDD,DDD/USD,2018-05-02 12:20:06.608871
155,Santiment Net...,SAN,SAN/USD,2018-05-02 12:20:06.608871
156,Raiden Networ...,RDN,RDN/USD,2018-05-02 12:20:06.608871
157,SingularityNET,AGI,AGI/USD,2018-05-02 12:20:06.608871
158,Dynamic Tradi...,DTR,DTR/USD,2018-05-02 12:20:06.608871
159,Ambrosus,AMB,AMB/USD,2018-05-02 12:20:06.608871
160,All Sports,SOC,SOC/USD,2018-05-02 12:20:06.608871
161,High Performa...,HPB,HPB/USD,2018-05-02 12:20:06.608871
162,MediBloc,MED,MED/USD,2018-05-02 12:20:06.608871
163,PayPie,PPP,PPP/USD,2018-05-02 12:20:06.608871
164,SONM,SNM,SNM/USD,2018-05-02 12:20:06.608871
165,Groestlcoin,GRS,GRS/USD,2018-05-02 12:20:06.608871
166,ETHLend,LEND,LEND/USD,2018-05-02 12:20:06.608871
167,BridgeCoin,BCO,BCO/USD,2018-05-02 12:20:06.608871
168,Blocknet,BLOCK,BLOCK/USD,2018-05-02 12:20:06.608871
169,TomoChain,TOMO,TOMO/USD,2018-05-02 12:20:06.608871
170,PACcoin,PAC,PAC/USD,2018-05-02 12:20:06.608871
171,DigitalNote,XDN,XDN/USD,2018-05-02 12:20:06.608871
172,SophiaTX,SPHTX,SPHTX/USD,2018-05-02 12:20:06.608871
173,Ubiq,UBQ,UBQ/USD,2018-05-02 12:20:06.608871
174,DEW,DEW,DEW/USD,2018-05-02 12:20:06.608871
175,ZClassic,ZCL,ZCL/USD,2018-05-02 12:20:06.608871
176,DATA,DTA,DTA/USD,2018-05-02 12:20:06.608871
177,Genesis Vision,GVT,GVT/USD,2018-05-02 12:20:06.608871
178,NavCoin,NAV,NAV/USD,2018-05-02 12:20:06.608871
179,Theta Token,THETA,THETA/USD,2018-05-02 12:20:06.608871
180,Cube,AUTO,AUTO/USD,2018-05-02 12:20:06.608871
181,Credits,CS,CS/USD,2018-05-02 12:20:06.608871
182,THEKEY,TKY,TKY/USD,2018-05-02 12:20:06.608871
183,BLOCKv,VEE,VEE/USD,2018-05-02 12:20:06.608871
184,AirSwap,AST,AST/USD,2018-05-02 12:20:06.608871
185,OST,OST,OST/USD,2018-05-02 12:20:06.608871
186,Pillar,PLR,PLR/USD,2018-05-02 12:20:06.608871
187,Asch,XAS,XAS/USD,2018-05-02 12:20:06.608871
188,IHT Real Esta...,IHT,IHT/USD,2018-05-02 12:20:06.608871
189,Primecoin,XPM,XPM/USD,2018-05-02 12:20:06.608871
190,SuperNET,UNITY,UNITY/USD,2018-05-02 12:20:06.608871
191,NANJCOIN,NANJ,NANJ/USD,2018-05-02 12:20:06.608871
192,Eidoo,EDO,EDO/USD,2018-05-02 12:20:06.608871
193,AdEx,ADX,ADX/USD,2018-05-02 12:20:06.608871
194,IoT Chain,ITC,ITC/USD,2018-05-02 12:20:06.608871
195,Bibox Token,BIX,BIX/USD,2018-05-02 12:20:06.608871
196,Ripio Credit ...,RCN,RCN/USD,2018-05-02 12:20:06.608871
197,Bread,BRD,BRD/USD,2018-05-02 12:20:06.608871
198,SingularDTV,SNGLS,SNGLS/USD,2018-05-02 12:20:06.608871
199,BitBay,BAY,BAY/USD,2018-05-02 12:20:06.608871
200,Ink,INK,INK/USD,2018-05-02 12:20:06.608871
201,Einsteinium,EMC2,EMC2/USD,2018-05-02 12:20:06.608871
202,AppCoins,APPC,APPC/USD,2018-05-02 12:20:06.608871
203,Quantum Resis...,QRL,QRL/USD,2018-05-02 12:20:06.608871
204,CloakCoin,CLOAK,CLOAK/USD,2018-05-02 12:20:06.608871
205,district0x,DNT,DNT/USD,2018-05-02 12:20:06.608871
206,Peercoin,PPC,PPC/USD,2018-05-02 12:20:06.608871
207,Streamr DATAcoin,DATA,DATA/USD,2018-05-02 12:20:06.608871
208,WaBi,WABI,WABI/USD,2018-05-02 12:20:06.608871
209,Delphy,DPY,DPY/USD,2018-05-02 12:20:06.608871
210,WePower,WPR,WPR/USD,2018-05-02 12:20:06.608871
211,VIBE,VIBE,VIBE/USD,2018-05-02 12:20:06.608871
212,Burst,BURST,BURST/USD,2018-05-02 12:20:06.608871
213,Telcoin,TEL,TEL/USD,2018-05-02 12:20:06.608871
214,ION,ION,ION/USD,2018-05-02 12:20:06.608871
215,SaluS,SLS,SLS/USD,2018-05-02 12:20:06.608871
216,UTRUST,UTK,UTK/USD,2018-05-02 12:20:06.608871
217,INS Ecosystem,INS,INS/USD,2018-05-02 12:20:06.608871
218,Crypterium,CRPT,CRPT/USD,2018-05-02 12:20:06.608871
219,Odyssey,OCN,OCN/USD,2018-05-02 12:20:06.608871
220,Tierion,TNT,TNT/USD,2018-05-02 12:20:06.608871
221,Jibrel Network,JNT,JNT/USD,2018-05-02 12:20:06.608871
222,Wings,WINGS,WINGS/USD,2018-05-02 12:20:06.608871
223,Viacoin,VIA,VIA/USD,2018-05-02 12:20:06.608871
224,Hydro Protocol,HOT,HOT/USD,2018-05-02 12:20:06.608871
225,Edgeless,EDG,EDG/USD,2018-05-02 12:20:06.608871
226,Pundi X [OLD],PXS,PXS/USD,2018-05-02 12:20:06.608871
227,Modum,MOD,MOD/USD,2018-05-02 12:20:06.608871
228,Electrify.Asia,ELEC,ELEC/USD,2018-05-02 12:20:06.608871
229,SpankChain,SPANK,SPANK/USD,2018-05-02 12:20:06.608871
230,YOYOW,YOYOW,YOYOW/USD,2018-05-02 12:20:06.608871
231,Counterparty,XCP,XCP/USD,2018-05-02 12:20:06.608871
232,QLINK,QLC,QLC/USD,2018-05-02 12:20:06.608871
233,MinexCoin,MNX,MNX/USD,2018-05-02 12:20:06.608871
234,LBRY Credits,LBC,LBC/USD,2018-05-02 12:20:06.608871
235,BitRent,RNTB,RNTB/USD,2018-05-02 12:20:06.608871
236,Triggers,TRIG,TRIG/USD,2018-05-02 12:20:06.608871
237,OriginTrail,TRAC,TRAC/USD,2018-05-02 12:20:06.608871
238,Pura,PURA,PURA/USD,2018-05-02 12:20:06.608871
239,MediShares,MDS,MDS/USD,2018-05-02 12:20:06.608871
240,KickCoin,KICK,KICK/USD,2018-05-02 12:20:06.608871
241,Oyster,PRL,PRL/USD,2018-05-02 12:20:06.608871
242,Blox,CDT,CDT/USD,2018-05-02 12:20:06.608871
243,TokenCard,TKN,TKN/USD,2018-05-02 12:20:06.608871
244,Etherparty,FUEL,FUEL/USD,2018-05-02 12:20:06.608871
245,Feathercoin,FTC,FTC/USD,2018-05-02 12:20:06.608871
246,Banca,BANCA,BANCA/USD,2018-05-02 12:20:06.608871
247,Internet Node...,INT,INT/USD,2018-05-02 12:20:06.608871
248,TaaS,TAAS,TAAS/USD,2018-05-02 12:20:06.608871
249,Safe Exchange...,SAFEX,SAFEX/USD,2018-05-02 12:20:06.608871
250,Electra,ECA,ECA/USD,2018-05-02 12:20:06.608871
251,BlockMason Cr...,BCPT,BCPT/USD,2018-05-02 12:20:06.608871
252,eBoost,EBST,EBST/USD,2018-05-02 12:20:06.608871
253,Wagerr,WGR,WGR/USD,2018-05-02 12:20:06.608871
254,Envion,EVN,EVN/USD,2018-05-02 12:20:06.608871
255,Steem Dollars,SBD,SBD/USD,2018-05-02 12:20:06.608871
256,Melon,MLN,MLN/USD,2018-05-02 12:20:06.608871
257,Rock,RKT,RKT/USD,2018-05-02 12:20:06.608871
258,Trinity Netwo...,TNC,TNC/USD,2018-05-02 12:20:06.608871
259,QunQun,QUN,QUN/USD,2018-05-02 12:20:06.608871
260,DATx,DATX,DATX/USD,2018-05-02 12:20:06.608871
261,BABB,BAX,BAX/USD,2018-05-02 12:20:06.608871
262,bitCNY,BITCNY,BITCNY/USD,2018-05-02 12:20:06.608871
263,CasinoCoin,CSC,CSC/USD,2018-05-02 12:20:06.608871
264,Gulden,NLG,NLG/USD,2018-05-02 12:20:06.608871
265,Datum,DAT,DAT/USD,2018-05-02 12:20:06.608871
266,Republic Prot...,REN,REN/USD,2018-05-02 12:20:06.608871
267,Mobius,MOBI,MOBI/USD,2018-05-02 12:20:06.608871
268,Metaverse ETP,ETP,ETP/USD,2018-05-02 12:20:06.608871
269,Soarcoin,SOAR,SOAR/USD,2018-05-02 12:20:06.608871
270,Experience Po...,XP,XP/USD,2018-05-02 12:20:06.608871
271,Ravencoin,RVN,RVN/USD,2018-05-02 12:20:06.608871
272,SwftCoin,SWFTC,SWFTC/USD,2018-05-02 12:20:06.608871
273,Presearch,PRE,PRE/USD,2018-05-02 12:20:06.608871
274,Universa,UTNP,UTNP/USD,2018-05-02 12:20:06.608871
275,EDUCare,EKT,EKT/USD,2018-05-02 12:20:06.608871
276,DECENT,DCT,DCT/USD,2018-05-02 12:20:06.608871
277,Lympo,LYM,LYM/USD,2018-05-02 12:20:06.608871
278,Shift,SHIFT,SHIFT/USD,2018-05-02 12:20:06.608871
279,Viberate,VIB,VIB/USD,2018-05-02 12:20:06.608871
280,CyberVein,CVT,CVT/USD,2018-05-02 12:20:06.608871
281,NAGA,NGC,NGC/USD,2018-05-02 12:20:06.608871
282,adToken,ADT,ADT/USD,2018-05-02 12:20:06.608871
283,Unikoin Gold,UKG,UKG/USD,2018-05-02 12:20:06.608871
284,True Chain,TRUE,TRUE/USD,2018-05-02 12:20:06.608871
285,MobileGo,MGO,MGO/USD,2018-05-02 12:20:06.608871
286,Tokenomy,TEN,TEN/USD,2018-05-02 12:20:06.608871
287,Sentinel,SENT,SENT/USD,2018-05-02 12:20:06.608871
288,YEE,YEE,YEE/USD,2018-05-02 12:20:06.608871
289,LinkEye,LET,LET/USD,2018-05-02 12:20:06.608871
290,ODEM,ODE,ODE/USD,2018-05-02 12:20:06.608871
291,Medicalchain,MTN,MTN/USD,2018-05-02 12:20:06.608871
292,Trade Token,TIO,TIO/USD,2018-05-02 12:20:06.608871
293,Zoin,ZOI,ZOI/USD,2018-05-02 12:20:06.608871
294,Elastic,XEL,XEL/USD,2018-05-02 12:20:06.608871
295,Sentinel Chain,SENC,SENC/USD,2018-05-02 12:20:06.608871
296,Humaniq,HMQ,HMQ/USD,2018-05-02 12:20:06.608871
297,COSS,COSS,COSS/USD,2018-05-02 12:20:06.608871
298,Zeepin,ZPT,ZPT/USD,2018-05-02 12:20:06.608871
299,CPChain,CPC,CPC/USD,2018-05-02 12:20:06.608871
300,Spectre.ai Di...,SXDT,SXDT/USD,2018-05-02 12:20:06.608871
301,Mothership,MSP,MSP/USD,2018-05-02 12:20:06.608871
302,Matchpool,GUP,GUP/USD,2018-05-02 12:20:06.608871
303,Lunyr,LUN,LUN/USD,2018-05-02 12:20:06.608871
304,Legolas Exchange,LGO,LGO/USD,2018-05-02 12:20:06.608871
305,Cofound.it,CFI,CFI/USD,2018-05-02 12:20:06.608871
306,TokenClub,TCT,TCT/USD,2018-05-02 12:20:06.608871
307,XinFin Network,XDCE,XDCE/USD,2018-05-02 12:20:06.608871
308,XTRABYTES,XBY,XBY/USD,2018-05-02 12:20:06.608871
309,UpToken,UP,UP/USD,2018-05-02 12:20:06.608871
310,Monetha,MTH,MTH/USD,2018-05-02 12:20:06.608871
311,Crown,CRW,CRW/USD,2018-05-02 12:20:06.608871
312,Synereo,AMP,AMP/USD,2018-05-02 12:20:06.608871
313,STK,STK,STK/USD,2018-05-02 12:20:06.608871
314,Dai,DAI,DAI/USD,2018-05-02 12:20:06.608871
315,Namecoin,NMC,NMC/USD,2018-05-02 12:20:06.608871
316,Mercury,MER,MER/USD,2018-05-02 12:20:06.608871
317,Phore,PHR,PHR/USD,2018-05-02 12:20:06.608871
318,Aeon,AEON,AEON/USD,2018-05-02 12:20:06.608871
319,AI Doctor,AIDOC,AIDOC/USD,2018-05-02 12:20:06.608871
320,Everex,EVX,EVX/USD,2018-05-02 12:20:06.608871
321,Cobinhood,COB,COB/USD,2018-05-02 12:20:06.608871
322,PotCoin,POT,POT/USD,2018-05-02 12:20:06.608871
323,Havven,HAV,HAV/USD,2018-05-02 12:20:06.608871
324,Refereum,RFR,RFR/USD,2018-05-02 12:20:06.608871
325,DIMCOIN,DIM,DIM/USD,2018-05-02 12:20:06.608871
326,DeepOnion,ONION,ONION/USD,2018-05-02 12:20:06.608871
327,Cappasity,CAPP,CAPP/USD,2018-05-02 12:20:06.608871
328,Agrello,DLT,DLT/USD,2018-05-02 12:20:06.608871
329,Bankex,BKX,BKX/USD,2018-05-02 12:20:06.608871
330,Propy,PRO,PRO/USD,2018-05-02 12:20:06.608871
331,DMarket,DMT,DMT/USD,2018-05-02 12:20:06.608871
332,ugChain,UGC,UGC/USD,2018-05-02 12:20:06.608871
333,ShipChain,SHIP,SHIP/USD,2018-05-02 12:20:06.608871
334,I/O Coin,IOC,IOC/USD,2018-05-02 12:20:06.608871
335,Aeron,ARN,ARN/USD,2018-05-02 12:20:06.608871
336,Unobtanium,UNO,UNO/USD,2018-05-02 12:20:06.608871
337,FirstBlood,1ST,1ST/USD,2018-05-02 12:20:06.608871
338,Pepe Cash,PEPECASH,PEPECASH/USD,2018-05-02 12:20:06.608871
339,Lamden,TAU,TAU/USD,2018-05-02 12:20:06.608871
340,ERA,ERA,ERA/USD,2018-05-02 12:20:06.608871
341,ECC,ECC,ECC/USD,2018-05-02 12:20:06.608871
342,Dock,DOCK,DOCK/USD,2018-05-02 12:20:06.608871
343,Energo,TSL,TSL/USD,2018-05-02 12:20:06.608871
344,SunContract,SNC,SNC/USD,2018-05-02 12:20:06.608871
345,Bean Cash,BITB,BITB/USD,2018-05-02 12:20:06.608871
346,Voxels,VOX,VOX/USD,2018-05-02 12:20:06.608871
347,HempCoin,THC,THC/USD,2018-05-02 12:20:06.608871
348,WeTrust,TRST,TRST/USD,2018-05-02 12:20:06.608871
349,Decision Token,HST,HST/USD,2018-05-02 12:20:06.608871
350,Bodhi,BOT,BOT/USD,2018-05-02 12:20:06.608871
351,Peerplays,PPY,PPY/USD,2018-05-02 12:20:06.608871
352,Dimecoin,DIME,DIME/USD,2018-05-02 12:20:06.608871
353,Blocktix,TIX,TIX/USD,2018-05-02 12:20:06.608871
354,HTMLCOIN,HTML,HTML/USD,2018-05-02 12:20:06.608871
355,Qbao,QBT,QBT/USD,2018-05-02 12:20:06.608871
356,EchoLink,EKO,EKO/USD,2018-05-02 12:20:06.608871
357,Fortuna,FOTA,FOTA/USD,2018-05-02 12:20:06.608871
358,Zeusshield,ZSC,ZSC/USD,2018-05-02 12:20:06.608871
359,Alphacat,ACAT,ACAT/USD,2018-05-02 12:20:06.608871
360,Omni,OMNI,OMNI/USD,2018-05-02 12:20:06.608871
361,Bloom,BLT,BLT/USD,2018-05-02 12:20:06.608871
362,SHIELD,XSH,XSH/USD,2018-05-02 12:20:06.608871
363,Olympus Labs,MOT,MOT/USD,2018-05-02 12:20:06.608871
364,Rentberry,BERRY,BERRY/USD,2018-05-02 12:20:06.608871
365,StakeNet,XSN,XSN/USD,2018-05-02 12:20:06.608871
366,BlackCoin,BLK,BLK/USD,2018-05-02 12:20:06.608871
367,U Network,UUU,UUU/USD,2018-05-02 12:20:06.608871
368,Measurable Da...,MDT,MDT/USD,2018-05-02 12:20:06.608871
369,Switcheo,SWH,SWH/USD,2018-05-02 12:20:06.608871
370,Selfkey,KEY,KEY/USD,2018-05-02 12:20:06.608871
371,SpaceChain,SPC,SPC/USD,2018-05-02 12:20:06.608871
372,Moeda Loyalty...,MDA,MDA/USD,2018-05-02 12:20:06.608871
373,Restart Energ...,MWAT,MWAT/USD,2018-05-02 12:20:06.608871
374,Karma,KRM,KRM/USD,2018-05-02 12:20:06.608871
375,300 Token,300,300/USD,2018-05-02 12:20:06.608871
376,Hive Project,HVN,HVN/USD,2018-05-02 12:20:06.608871
377,Numeraire,NMR,NMR/USD,2018-05-02 12:20:06.608871
378,Aurora DAO,AURA,AURA/USD,2018-05-02 12:20:06.608871
379,LEOcoin,LEO,LEO/USD,2018-05-02 12:20:06.608871
380,AICHAIN,AIT,AIT/USD,2018-05-02 12:20:06.608871
381,OAX,OAX,OAX/USD,2018-05-02 12:20:06.608871
382,Grid+,GRID,GRID/USD,2018-05-02 12:20:06.608871
383,Tao,XTO,XTO/USD,2018-05-02 12:20:06.608871
384,Diamond,DMD,DMD/USD,2018-05-02 12:20:06.608871
385,Radium,RADS,RADS/USD,2018-05-02 12:20:06.608871
386,Blockport,BPT,BPT/USD,2018-05-02 12:20:06.608871
387,VeriCoin,VRC,VRC/USD,2018-05-02 12:20:06.608871
388,Databits,DTB,DTB/USD,2018-05-02 12:20:06.608871
389,Matryx,MTX,MTX/USD,2018-05-02 12:20:06.608871
390,Datawallet,DXT,DXT/USD,2018-05-02 12:20:06.608871
391,Bitcoin Green,BITG,BITG/USD,2018-05-02 12:20:06.608871
392,FairCoin,FAIR,FAIR/USD,2018-05-02 12:20:06.608871
393,DADI,DADI,DADI/USD,2018-05-02 12:20:06.608871
394,Lykke,LKK,LKK/USD,2018-05-02 12:20:06.608871
395,Pascal Coin,PASC,PASC/USD,2018-05-02 12:20:06.608871
396,ColossusXT,COLX,COLX/USD,2018-05-02 12:20:06.608871
397,RevolutionVR,RVR,RVR/USD,2018-05-02 12:20:06.608871
398,ProChain,PRA,PRA/USD,2018-05-02 12:20:06.608871
399,OctoCoin,888,888/USD,2018-05-02 12:20:06.608871
400,GridCoin,GRC,GRC/USD,2018-05-02 12:20:06.608871
401,FlorinCoin,FLO,FLO/USD,2018-05-02 12:20:06.608871
402,SIBCoin,SIB,SIB/USD,2018-05-02 12:20:06.608871
403,SureRemit,RMT,RMT/USD,2018-05-02 12:20:06.608871
404,indaHash,IDH,IDH/USD,2018-05-02 12:20:06.608871
405,OracleChain,OCT,OCT/USD,2018-05-02 12:20:06.608871
406,Ormeus Coin,ORME,ORME/USD,2018-05-02 12:20:06.608871
407,Pareto Network,PARETO,PARETO/USD,2018-05-02 12:20:06.608871
408,Covesting,COV,COV/USD,2018-05-02 12:20:06.608871
409,carVertical,CV,CV/USD,2018-05-02 12:20:06.608871
410,MedicCoin,MEDIC,MEDIC/USD,2018-05-02 12:20:06.608871
411,Storiqa,STQ,STQ/USD,2018-05-02 12:20:06.608871
412,Primas,PST,PST/USD,2018-05-02 12:20:06.608871
413,ALQO,ALQO,ALQO/USD,2018-05-02 12:20:06.608871
414,MktCoin,MLM,MLM/USD,2018-05-02 12:20:06.608871
415,Mooncoin,MOON,MOON/USD,2018-05-02 12:20:06.608871
416,Flash,FLASH,FLASH/USD,2018-05-02 12:20:06.608871
417,Uquid Coin,UQC,UQC/USD,2018-05-02 12:20:06.608871
418,ICOS,ICOS,ICOS/USD,2018-05-02 12:20:06.608871
419,Divi,DIVX,DIVX/USD,2018-05-02 12:20:06.608871
420,MonetaryUnit,MUE,MUE/USD,2018-05-02 12:20:06.608871
421,Hacken,HKN,HKN/USD,2018-05-02 12:20:06.608871
422,OneRoot Network,RNT,RNT/USD,2018-05-02 12:20:06.608871
423,TE-FOOD,TFD,TFD/USD,2018-05-02 12:20:06.608871
424,Zap,ZAP,ZAP/USD,2018-05-02 12:20:06.608871
425,LATOKEN,LA,LA/USD,2018-05-02 12:20:06.608871
426,Bitcoin Atom,BCA,BCA/USD,2018-05-02 12:20:06.608871
427,E-Dinar Coin,EDR,EDR/USD,2018-05-02 12:20:06.608871
428,Swarm,SWM,SWM/USD,2018-05-02 12:20:06.608871
429,PRIZM,PZM,PZM/USD,2018-05-02 12:20:06.608871
430,Expanse,EXP,EXP/USD,2018-05-02 12:20:06.608871
431,PoSW Coin,POSW,POSW/USD,2018-05-02 12:20:06.608871
432,Blackmoon,BMC,BMC/USD,2018-05-02 12:20:06.608871
433,aXpire,AXP,AXP/USD,2018-05-02 12:20:06.608871
434,Stox,STX,STX/USD,2018-05-02 12:20:06.608871
435,Devery,EVE,EVE/USD,2018-05-02 12:20:06.608871
436,LUXCoin,LUX,LUX/USD,2018-05-02 12:20:06.608871
437,OKCash,OK,OK/USD,2018-05-02 12:20:06.608871
438,WhiteCoin,XWC,XWC/USD,2018-05-02 12:20:06.608871
439,Incent,INCNT,INCNT/USD,2018-05-02 12:20:06.608871
440,Banyan Network,BBN,BBN/USD,2018-05-02 12:20:06.608871
441,SwissBorg,CHSB,CHSB/USD,2018-05-02 12:20:06.608871
442,Smartlands,SLT,SLT/USD,2018-05-02 12:20:06.608871
443,Bismuth,BIS,BIS/USD,2018-05-02 12:20:06.608871
444,ATMChain,ATM,ATM/USD,2018-05-02 12:20:06.608871
445,iXledger,IXT,IXT/USD,2018-05-02 12:20:06.608871
446,bitUSD,BITUSD,BITUSD/USD,2018-05-02 12:20:06.608871
447,Neumark,NEU,NEU/USD,2018-05-02 12:20:06.608871
448,DecentBet,DBET,DBET/USD,2018-05-02 12:20:06.608871
449,SolarCoin,SLR,SLR/USD,2018-05-02 12:20:06.608871
450,PolySwarm,NCT,NCT/USD,2018-05-02 12:20:06.608871
451,Bee Token,BEE,BEE/USD,2018-05-02 12:20:06.608871
452,NeosCoin,NEOS,NEOS/USD,2018-05-02 12:20:06.608871
453,Rise,RISE,RISE/USD,2018-05-02 12:20:06.608871
454,Rubycoin,RBY,RBY/USD,2018-05-02 12:20:06.608871
455,Credo,CREDO,CREDO/USD,2018-05-02 12:20:06.608871
456,Myriad,XMY,XMY/USD,2018-05-02 12:20:06.608871
457,EncrypGen,DNA,DNA/USD,2018-05-02 12:20:06.608871
458,Polybius,PLBT,PLBT/USD,2018-05-02 12:20:06.608871
459,Clams,CLAM,CLAM/USD,2018-05-02 12:20:06.608871
460,Paragon,PRG,PRG/USD,2018-05-02 12:20:06.608871
461,Guaranteed Et...,GETX,GETX/USD,2018-05-02 12:20:06.608871
462,Patientory,PTOY,PTOY/USD,2018-05-02 12:20:06.608871
463,Titanium BAR,TBAR,TBAR/USD,2018-05-02 12:20:06.608871
464,BitSend,BSD,BSD/USD,2018-05-02 12:20:06.608871
465,LoMoCoin,LMC,LMC/USD,2018-05-02 12:20:06.608871
466,Linda,LINDA,LINDA/USD,2018-05-02 12:20:06.608871
467,SixEleven,611,611/USD,2018-05-02 12:20:06.608871
468,Rialto,XRL,XRL/USD,2018-05-02 12:20:06.608871
469,BitDegree,BDG,BDG/USD,2018-05-02 12:20:06.608871
470,Flixxo,FLIXX,FLIXX/USD,2018-05-02 12:20:06.608871
471,Interplanetar...,IPBC,IPBC/USD,2018-05-02 12:20:06.608871
472,FedoraCoin,TIPS,TIPS/USD,2018-05-02 12:20:06.608871
473,AurumCoin,AU,AU/USD,2018-05-02 12:20:06.608871
474,Remme,REM,REM/USD,2018-05-02 12:20:06.608871
475,Energycoin,ENRG,ENRG/USD,2018-05-02 12:20:06.608871
476,Nexium,NXC,NXC/USD,2018-05-02 12:20:06.608871
477,Nimiq Exchang...,NET,NET/USD,2018-05-02 12:20:06.608871
478,XPA,XPA,XPA/USD,2018-05-02 12:20:06.608871
479,Swarm City,SWT,SWT/USD,2018-05-02 12:20:06.608871
480,Boolberry,BBR,BBR/USD,2018-05-02 12:20:06.608871
481,REBL,REBL,REBL/USD,2018-05-02 12:20:06.608871
482,Auctus,AUC,AUC/USD,2018-05-02 12:20:06.608871
483,Effect.AI,EFX,EFX/USD,2018-05-02 12:20:06.608871
484,Etheroll,DICE,DICE/USD,2018-05-02 12:20:06.608871
485,FintruX Network,FTX,FTX/USD,2018-05-02 12:20:06.608871
486,Debitum,DEB,DEB/USD,2018-05-02 12:20:06.608871
487,FoldingCoin,FLDC,FLDC/USD,2018-05-02 12:20:06.608871
488,MUSE,MUSE,MUSE/USD,2018-05-02 12:20:06.608871
489,Everus,EVR,EVR/USD,2018-05-02 12:20:06.608871
490,Payfair,PFR,PFR/USD,2018-05-02 12:20:06.608871
491,Snovio,SNOV,SNOV/USD,2018-05-02 12:20:06.608871
492,Musicoin,MUSIC,MUSIC/USD,2018-05-02 12:20:06.608871
493,Cashaa,CAS,CAS/USD,2018-05-02 12:20:06.608871
494,CoinPoker,CHP,CHP/USD,2018-05-02 12:20:06.608871
495,CVCoin,CVCOIN,CVCOIN/USD,2018-05-02 12:20:06.608871
496,Block Array,ARY,ARY/USD,2018-05-02 12:20:06.608871
497,NoLimitCoin,NLC2,NLC2/USD,2018-05-02 12:20:06.608871
498,DomRaider,DRT,DRT/USD,2018-05-02 12:20:06.608871
499,Bounty0x,BNTY,BNTY/USD,2018-05-02 12:20:06.608871
500,BnkToTheFuture,BFT,BFT/USD,2018-05-03 09:52:15.815425
501,BitClave,CAT,CAT/USD,2018-05-03 09:52:15.815425
502,Lendingblock,LND,LND/USD,2018-05-03 09:52:15.815425
503,ATBCoin,ATB,ATB/USD,2018-05-03 09:52:15.815425
504,Maecenas,ART,ART/USD,2018-05-03 09:52:15.815425
505,Dovu,DOVU,DOVU/USD,2018-05-03 09:52:15.815425
506,Pure,PURE,PURE/USD,2018-05-03 09:52:15.815425
507,Hedge,HDG,HDG/USD,2018-05-03 09:52:15.815425
508,Polis,POLIS,POLIS/USD,2018-05-03 09:52:15.815425
509,DNotes,NOTE,NOTE/USD,2018-05-04 09:46:41.140687
510,Zebi,ZCO,ZCO/USD,2018-05-04 09:46:41.140687
511,Polcoin,PLC,PLC/USD,2018-05-04 09:46:41.140687
512,DubaiCoin,DBIX,DBIX/USD,2018-05-04 09:46:41.140687
